{"i":100,"val_loss_history":[1.4808704627527],"val_loss_history_it":[100],"forward_backward_times":{},"opt":{"max_epochs":2,"checkpoint_every":100,"batch_size":64,"memory_benchmark":0,"init_from":"cv\/checkpoint_lstm_4_100.t7","grad_clip":5,"model_type":"lstm","lr_decay_every":5,"print_every":10,"wordvec_size":64,"seq_length":50,"input_json":"data\/spotify_output.json","num_layers":2,"input_h5":"data\/spotify_output.h5","reset_iterations":1,"rnn_size":128,"dropout":0.25,"checkpoint_name":"cv\/checkpoint_lstm_4","batchnorm":0,"learning_rate":0.001,"speed_benchmark":0,"gpu_backend":"cuda","lr_decay_factor":0.5,"gpu":-1},"train_loss_history":[1.462197303772,1.3999543190002,1.3854229450226,1.3797262907028,1.3985018730164,1.3828494548798,1.3597995042801,1.4027051925659,1.4023621082306,1.4242955446243,1.4242831468582,1.4122107028961,1.3218243122101,1.3458405733109,1.3626341819763,1.3303444385529,1.2938801050186,1.3082101345062,1.3802139759064,1.3315849304199,1.3347967863083,1.3378640413284,1.3019908666611,1.3537729978561,1.3344639539719,1.3463786840439,1.363924741745,1.3715187311172,1.3780205249786,1.3171464204788,1.3507794141769,1.3612996339798,1.3213589191437,1.3723481893539,1.3043713569641,1.3572498559952,1.3886473178864,1.3245507478714,1.2991027832031,1.3383326530457,1.2858003377914,1.3445512056351,1.3693577051163,1.3954606056213,1.3709465265274,1.4077552556992,1.3622806072235,1.3555550575256,1.330956697464,1.3415499925613,1.3430856466293,1.3233729600906,1.3114440441132,1.3297365903854,1.3401499986649,1.3226639032364,1.3160347938538,1.3377324342728,1.3417842388153,1.333544254303,1.3588120937347,1.3930726051331,1.2856047153473,1.3736238479614,1.3350265026093,1.3227995634079,1.3173890113831,1.3519334793091,1.2894444465637,1.3143125772476,1.317594408989,1.3374716043472,1.303343296051,1.3151625394821,1.301215171814,1.2875719070435,1.3421515226364,1.3543440103531,1.335734128952,1.2783880233765,1.3211233615875,1.3260765075684,1.3505531549454,1.2940154075623,1.3533825874329,1.334315776825,1.3824423551559,1.2768681049347,1.2961064577103,1.2855772972107,1.2890686988831,1.3190363645554,1.3537292480469,1.3472127914429,1.2908407449722,1.3548086881638,1.3306455612183,1.2992891073227,1.330938577652,1.3736166954041],"memory_usage":{}}