{"i":596,"val_loss_history":[1.4808704627527,1.4746351564253,1.4656427099898,1.469392199774,1.4666520034945,1.4621100812345],"val_loss_history_it":[100,200,300,400,500,596],"forward_backward_times":{},"opt":{"max_epochs":2,"checkpoint_every":100,"batch_size":64,"memory_benchmark":0,"init_from":"cv\/checkpoint_lstm_4_100.t7","grad_clip":5,"model_type":"lstm","lr_decay_every":5,"print_every":10,"wordvec_size":64,"seq_length":50,"input_json":"data\/spotify_output.json","num_layers":2,"input_h5":"data\/spotify_output.h5","reset_iterations":1,"rnn_size":128,"dropout":0.25,"checkpoint_name":"cv\/checkpoint_lstm_4","batchnorm":0,"learning_rate":0.001,"speed_benchmark":0,"gpu_backend":"cuda","lr_decay_factor":0.5,"gpu":-1},"train_loss_history":[1.462197303772,1.3999543190002,1.3854229450226,1.3797262907028,1.3985018730164,1.3828494548798,1.3597995042801,1.4027051925659,1.4023621082306,1.4242955446243,1.4242831468582,1.4122107028961,1.3218243122101,1.3458405733109,1.3626341819763,1.3303444385529,1.2938801050186,1.3082101345062,1.3802139759064,1.3315849304199,1.3347967863083,1.3378640413284,1.3019908666611,1.3537729978561,1.3344639539719,1.3463786840439,1.363924741745,1.3715187311172,1.3780205249786,1.3171464204788,1.3507794141769,1.3612996339798,1.3213589191437,1.3723481893539,1.3043713569641,1.3572498559952,1.3886473178864,1.3245507478714,1.2991027832031,1.3383326530457,1.2858003377914,1.3445512056351,1.3693577051163,1.3954606056213,1.3709465265274,1.4077552556992,1.3622806072235,1.3555550575256,1.330956697464,1.3415499925613,1.3430856466293,1.3233729600906,1.3114440441132,1.3297365903854,1.3401499986649,1.3226639032364,1.3160347938538,1.3377324342728,1.3417842388153,1.333544254303,1.3588120937347,1.3930726051331,1.2856047153473,1.3736238479614,1.3350265026093,1.3227995634079,1.3173890113831,1.3519334793091,1.2894444465637,1.3143125772476,1.317594408989,1.3374716043472,1.303343296051,1.3151625394821,1.301215171814,1.2875719070435,1.3421515226364,1.3543440103531,1.335734128952,1.2783880233765,1.3211233615875,1.3260765075684,1.3505531549454,1.2940154075623,1.3533825874329,1.334315776825,1.3824423551559,1.2768681049347,1.2961064577103,1.2855772972107,1.2890686988831,1.3190363645554,1.3537292480469,1.3472127914429,1.2908407449722,1.3548086881638,1.3306455612183,1.2992891073227,1.330938577652,1.3736166954041,1.444046497345,1.3114894628525,1.3236199617386,1.3107552528381,1.3154376745224,1.3098766803741,1.32901263237,1.3225251436234,1.2999964952469,1.331312417984,1.2859436273575,1.232430934906,1.2943333387375,1.2684608697891,1.3111050128937,1.2830169200897,1.285253405571,1.2912232875824,1.2792094945908,1.3449037075043,1.2907676696777,1.3415485620499,1.3619277477264,1.3555179834366,1.2803106307983,1.2747603654861,1.2785874605179,1.3727290630341,1.312330365181,1.3492023944855,1.3277080059052,1.3104176521301,1.2988984584808,1.3163704872131,1.3346589803696,1.3777672052383,1.3310515880585,1.2978603839874,1.3208507299423,1.353414773941,1.3686555624008,1.3678358793259,1.3496354818344,1.3970332145691,1.3536367416382,1.348393201828,1.3839663267136,1.3151589632034,1.3114050626755,1.2977609634399,1.2621537446976,1.2479350566864,1.3035991191864,1.2912399768829,1.246506690979,1.2999252080917,1.274670124054,1.2787393331528,1.2515197992325,1.3228929042816,1.283567070961,1.2561621665955,1.3250949382782,1.3086335659027,1.2844817638397,1.2907454967499,1.2969762086868,1.2923028469086,1.3040012121201,1.3547449111938,1.3663380146027,1.3090831041336,1.325990319252,1.3311637639999,1.3299517631531,1.3015792369843,1.3129459619522,1.3335112333298,1.3940547704697,1.3546395301819,1.2753214836121,1.3095911741257,1.2772332429886,1.317032456398,1.3670735359192,1.3397113084793,1.3823131322861,1.3632152080536,1.3520042896271,1.3103922605515,1.3380836248398,1.3201277256012,1.335688829422,1.2962085008621,1.3500835895538,1.3236145973206,1.3204185962677,1.3803110122681,1.3570481538773,1.3809453248978,1.4385777711868,1.3493992090225,1.3762370347977,1.3066700696945,1.327666759491,1.338158249855,1.3487727642059,1.3730200529099,1.3402158021927,1.3417272567749,1.3333745002747,1.3164073228836,1.3637865781784,1.3159581422806,1.3399481773376,1.2849010229111,1.3381941318512,1.2730436325073,1.3506237268448,1.3189985752106,1.3007301092148,1.2808958292007,1.3572478294373,1.4131585359573,1.3679649829865,1.352148771286,1.3971672058105,1.360605597496,1.3578598499298,1.3415600061417,1.3232665061951,1.3757581710815,1.3202241659164,1.3190029859543,1.3155413866043,1.3289130926132,1.32972407341,1.3491592407227,1.3476442098618,1.3523764610291,1.3267577886581,1.3945523500443,1.3139096498489,1.3444825410843,1.3335882425308,1.3226116895676,1.3074723482132,1.3399618864059,1.3033561706543,1.2771241664886,1.3457127809525,1.3608993291855,1.3312935829163,1.3748747110367,1.3040189743042,1.3571920394897,1.3679950237274,1.3252589702606,1.3316476345062,1.3303376436234,1.3567991256714,1.3586834669113,1.2806098461151,1.2870094776154,1.3676637411118,1.276624083519,1.3504890203476,1.3300449848175,1.361545085907,1.2534204721451,1.318386554718,1.359085559845,1.310773730278,1.3600195646286,1.3092601299286,1.3303624391556,1.3454642295837,1.2957245111465,1.3087269067764,1.3450558185577,1.3349678516388,1.3760604858398,1.3381103277206,1.324850320816,1.3558911085129,1.3062717914581,1.3106322288513,1.3346297740936,1.352596282959,1.3593319654465,1.3296618461609,1.4044976234436,1.3449144363403,1.3935581445694,1.2866945266724,1.3395025730133,1.3285030126572,1.4629360437393,1.4573283195496,1.3644995689392,1.4214323759079,1.3505697250366,1.3789962530136,1.3646944761276,1.3322688341141,1.3829159736633,1.3824833631516,1.4119569063187,1.4055653810501,1.3960191011429,1.3155099153519,1.3331704139709,1.3601183891296,1.3204238414764,1.2846266031265,1.2950532436371,1.3690271377563,1.3242509365082,1.3301978111267,1.3325271606445,1.2969679832458,1.346253991127,1.3227849006653,1.3419004678726,1.3559209108353,1.3643573522568,1.3775526285172,1.3075032234192,1.3451615571976,1.3512746095657,1.318941950798,1.369307756424,1.3013523817062,1.3524922132492,1.3829611539841,1.3193432092667,1.2930274009705,1.3339270353317,1.2802549600601,1.3350913524628,1.3596980571747,1.384222984314,1.3611890077591,1.3983732461929,1.3518278598785,1.3439428806305,1.3258061408997,1.3308503627777,1.3319548368454,1.3198083639145,1.3070907592773,1.3214379549026,1.3360038995743,1.315047621727,1.3096081018448,1.3298327922821,1.3328149318695,1.3250269889832,1.3457190990448,1.3856480121613,1.2762920856476,1.3703799247742,1.3298003673553,1.3164595365524,1.3122628927231,1.3426132202148,1.2810528278351,1.3052978515625,1.3121441602707,1.327877163887,1.2935823202133,1.310698390007,1.2951817512512,1.2780185937881,1.3340351581573,1.342267870903,1.3270788192749,1.2717334032059,1.3120453357697,1.317042350769,1.3408894538879,1.2850451469421,1.3420633077621,1.3249288797379,1.3700703382492,1.2654173374176,1.2845715284348,1.2752510309219,1.2756230831146,1.3051725625992,1.341618180275,1.3345741033554,1.2807593345642,1.339143872261,1.3167561292648,1.2871073484421,1.3176008462906,1.3590153455734,1.365012049675,1.3015971183777,1.3748469352722,1.2993991374969,1.3026084899902,1.2971876859665,1.3146226406097,1.3080742359161,1.2863540649414,1.3145995140076,1.2704935073853,1.2159725427628,1.2787525653839,1.253387093544,1.2974766492844,1.2652409076691,1.271152973175,1.2774093151093,1.2620466947556,1.3299609422684,1.2740567922592,1.3267132043839,1.3467886447906,1.339790225029,1.2631340026855,1.2564895153046,1.2626750469208,1.3560881614685,1.2973170280457,1.3329300880432,1.3116701841354,1.2958590984344,1.2827382087708,1.3004257678986,1.3206889629364,1.3578681945801,1.3124098777771,1.2805157899857,1.3038568496704,1.3351373672485,1.350405216217,1.3531538248062,1.3335288763046,1.3766911029816,1.3361369371414,1.335288643837,1.3673183917999,1.2980318069458,1.2940276861191,1.2821613550186,1.2458739280701,1.2326800823212,1.2866297960281,1.2708714008331,1.2299066781998,1.282259106636,1.2594851255417,1.2637996673584,