{"i":955,"val_loss_history":[1.4813185515611,1.4826505909795,1.4788164936978,1.479996100716,1.4777751331744,1.4771515804788,1.4751084420992,1.4738870340845,1.4727534418521,1.4742659071217],"val_loss_history_it":[100,200,300,400,500,600,700,800,900,955],"forward_backward_times":{},"opt":{"max_epochs":5,"checkpoint_every":100,"batch_size":100,"memory_benchmark":0,"init_from":"cv\/checkpoint_lstm_1._1910.t7","grad_clip":5,"model_type":"lstm","lr_decay_every":5,"print_every":10,"wordvec_size":64,"seq_length":50,"input_json":"data\/spotify_output.json","num_layers":2,"input_h5":"data\/spotify_output.h5","reset_iterations":1,"rnn_size":128,"dropout":0,"checkpoint_name":"cv\/checkpoint_lstm_2","batchnorm":0,"learning_rate":0.0002,"speed_benchmark":0,"gpu_backend":"cuda","lr_decay_factor":0.5,"gpu":-1},"train_loss_history":[1.4229147434235,1.3532581329346,1.3722585439682,1.3537518978119,1.3376181125641,1.3591361045837,1.3724368810654,1.3563454151154,1.3775407075882,1.3592818975449,1.3584840297699,1.4089546203613,1.3814862966537,1.3439778089523,1.377823472023,1.3921368122101,1.3728369474411,1.3250768184662,1.3843191862106,1.3680769205093,1.3955279588699,1.4148378372192,1.38971555233,1.3822937011719,1.3507888317108,1.3234602212906,1.3174614906311,1.3425281047821,1.3412600755692,1.3203209638596,1.3204559087753,1.3948050737381,1.3814313411713,1.4281027317047,1.3912253379822,1.35972905159,1.3402105569839,1.3692829608917,1.3499530553818,1.3547393083572,1.3352746963501,1.3653955459595,1.3254510164261,1.3359644412994,1.3513525724411,1.3556196689606,1.3709278106689,1.349635720253,1.3689895868301,1.3604038953781,1.2995537519455,1.3664220571518,1.3548105955124,1.3408327102661,1.3453757762909,1.3432114124298,1.3738480806351,1.3165220022202,1.3466284275055,1.3559246063232,1.3374218940735,1.3486442565918,1.3495362997055,1.3606855869293,1.3360049724579,1.3429261445999,1.3432587385178,1.3627475500107,1.3724194765091,1.3696660995483,1.3695991039276,1.3693778514862,1.3697798252106,1.4120272397995,1.3335601091385,1.3376686573029,1.3528437614441,1.3617062568665,1.3705269098282,1.3807035684586,1.417279958725,1.315144777298,1.3314641714096,1.3310894966125,1.3106381893158,1.3395982980728,1.3491404056549,1.3652645349503,1.3818032741547,1.3522981405258,1.3962730169296,1.3352093696594,1.3609216213226,1.3479868173599,1.3862363100052,1.35080909729,1.3484694957733,1.3499759435654,1.3322347402573,1.3702450990677,1.4038664102554,1.3462938070297,1.3921549320221,1.3482490777969,1.3068385124207,1.3330453634262,1.3351805210114,1.3634457588196,1.3524005413055,1.3192838430405,1.321385383606,1.3713567256927,1.3372901678085,1.3704253435135,1.4235126972198,1.3529601097107,1.3573472499847,1.3716686964035,1.3352471590042,1.3059955835342,1.3380395174026,1.3414301872253,1.3111342191696,1.3275623321533,1.3722964525223,1.3296942710876,1.3455164432526,1.2959320545197,1.2820777893066,1.3162612915039,1.3086599111557,1.3323811292648,1.3397784233093,1.2843047380447,1.2887078523636,1.2705966234207,1.2580299377441,1.2658379077911,1.3311290740967,1.3390443325043,1.3424271345139,1.3278362751007,1.2898584604263,1.3434773683548,1.2912350893021,1.2830517292023,1.3086832761765,1.3053752183914,1.3335837125778,1.3210768699646,1.3598128557205,1.3410649299622,1.3441399335861,1.3119195699692,1.3221584558487,1.3111199140549,1.2949320077896,1.334654211998,1.3270720243454,1.3212796449661,1.33198595047,1.3347786664963,1.312598824501,1.3267484903336,1.3190463781357,1.2991497516632,1.3115824460983,1.3174796104431,1.3437950611115,1.3238166570663,1.3256764411926,1.3324162960052,1.3481826782227,1.4014015197754,1.3487646579742,1.3408799171448,1.3575525283813,1.3501887321472,1.3725965023041,1.3550691604614,1.3646771907806,1.355985045433,1.367616891861,1.3654991388321,1.3573650121689,1.4200377464294,1.3613897562027,1.3764915466309,1.3510843515396,1.3594352006912,1.3961713314056,1.4233336448669,1.3468111753464,1.3655366897583,1.3468505144119,1.3325667381287,1.3510508537292,1.3661931753159,1.3513517379761,1.3711285591125,1.4154694080353,1.3517512083054,1.4019389152527,1.375558257103,1.3368021249771,1.3727487325668,1.3877539634705,1.3678642511368,1.3195544481277,1.3787271976471,1.3624101877213,1.3907383680344,1.4096696376801,1.3840438127518,1.3776537179947,1.3454390764236,1.3186393976212,1.3121107816696,1.3366612195969,1.3358863592148,1.3151080608368,1.3148057460785,1.3899906873703,1.3763811588287,1.4232661724091,1.3868077993393,1.3542020320892,1.3350095748901,1.3644412755966,1.344811797142,1.3490246534348,1.3300312757492,1.3606182336807,1.3201221227646,1.3304780721664,1.3462053537369,1.3500761985779,1.3659374713898,1.3447989225388,1.3636803627014,1.3550647497177,1.2947978973389,1.361752986908,1.3504679203033,1.3358154296875,1.3402998447418,1.3389673233032,1.368746638298,1.3117619752884,1.341680765152,1.3514099121094,1.3327434062958,1.3439049720764,1.3459292650223,1.3563759326935,1.3321943283081,1.3385964632034,1.3394546508789,1.3580889701843,1.3679444789886,1.3647601604462,1.3648391962051,1.3647015094757,1.3652768135071,1.4080150127411,1.3299976587296,1.3341120481491,1.349212884903,1.3576647043228,1.3664464950562,1.3765882253647,1.4128119945526,1.3113822937012,1.3280351161957,1.3276447057724,1.3069571256638,1.3366906642914,1.3453121185303,1.3615483045578,1.378163933754,1.3486157655716,1.392459154129,1.3312858343124,1.3571438789368,1.3449773788452,1.3828318119049,1.3468527793884,1.3453625440598,1.3464654684067,1.3288316726685,1.3666549921036,1.3301988840103,1.3430371284485,1.3881380558014,1.3444411754608,1.3032834529877,1.3299193382263,1.3320149183273,1.3601318597794,1.3494119644165,1.3901079893112,1.3184372186661,1.3680584430695,1.3338198661804,1.3674389123917,1.4207179546356,1.3498225212097,1.3546762466431,1.3692132234573,1.332780122757,1.3035374879837,1.3353228569031,1.339075922966,1.3083852529526,1.3249372243881,1.3693641424179,1.3275246620178,1.343034863472,1.2932078838348,1.2798099517822,1.3141304254532,1.3059161901474,1.3295177221298,1.3366048336029,1.2816369533539,1.2863107919693,1.2680885791779,1.2557688951492,1.2633919715881,1.3284081220627,1.3364396095276,1.3400920629501,1.325076341629,1.2874948978424,1.341301202774,1.2890704870224,1.2807663679123,1.305987238884,1.3033217191696,1.3310841321945,1.3189702033997,1.3575047254562,1.3386482000351,1.3413220643997,1.3089612722397,1.3199615478516,1.3089281320572,1.2928309440613,1.332368016243,1.3249430656433,1.3191620111465,1.3295673131943,1.3318581581116,1.3105474710464,1.3247488737106,1.3166958093643,1.296847820282,1.3091962337494,1.3150017261505,1.3408677577972,1.3213016986847,1.3232172727585,1.3299939632416,1.3451443910599,1.3985900878906,1.3459156751633,1.3378536701202,1.3544492721558,1.3469276428223,1.3688503503799,1.351677775383,1.361594080925,1.3525936603546,1.3638654947281,1.3613246679306,1.3535109758377,1.4165930747986,1.3572422266006,1.3724944591522,1.3468319177628,1.3552631139755,1.3913719654083,1.4204303026199,1.3434273004532,1.3622533082962,1.3434300422668,1.3294937610626,1.3479393720627,1.3624742031097,1.347916841507,1.3677248954773,1.3497440814972,1.3472573757172,1.3976197242737,1.3712857961655,1.3320596218109,1.3693985939026,1.3846789598465,1.3646548986435,1.3161826133728,1.4403436183929,1.3589802980423,1.3872801065445,1.4067013263702,1.3804270029068,1.3743337392807,1.3416347503662,1.3147321939468,1.3083553314209,1.3326387405396,1.3318645954132,1.3114628791809,1.3112641572952,1.3864743709564,1.3729810714722,1.4198673963547,1.3833577632904,1.3501195907593,1.3315743207932,1.360914349556,1.3414947986603,1.3450218439102,1.3265516757965,1.3568278551102,1.3162987232208,1.3266998529434,1.342564702034,1.3460382223129,1.3625204563141,1.3411546945572,1.3599146604538,1.3512420654297,1.2911330461502,1.3582507371902,1.346941113472,1.332142829895,1.3365442752838,1.3357300758362,1.364818572998,1.3083394765854,1.3380702733994,1.3478754758835,1.3291047811508,1.3403512239456,1.3429141044617,1.3528028726578,1.3288995027542,1.3352116346359,1.3363832235336,1.3544359207153,